	STR10	STR4	STR1	STR7	STR11	STR9	STR3	STR5	STR8	STR2
390	None	None	None	219	None	None	None	None	None	None
349_R	92	548	115	247	382	1009	492	530	814	611
395	92	None	None	247	382	1009	None	None	814	613
399	92	None	None	247	382	1009	None	None	814	611
403	92	None	None	247	382	1009	None	529	814	616
407	92	None	None	247	382	1009	None	None	814	618
353_R_novaseq	91	549	116	247	386	1009	491	530	814	609
411	92	None	None	247	382	1009	None	532	814	None
415	92	None	None	247	382	1009	None	None	814	613
416	92	None	None	247	382	1009	None	524	814	609
417	92	None	None	247	382	1009	489	531	814	613
418	92	None	None	247	382	1009	None	530	814	618
419	92	None	None	247	380	1009	None	531	814	616
420	92	None	None	247	382	1009	None	None	814	618
352_R	92	None	None	247	382	1009	None	532	814	616
431	91	None	None	247	386	1009	None	527	814	613
351_R	92	None	118	247	382	1009	None	530	814	613
435	92	None	None	247	382	1009	None	None	814	620
438	93	None	None	247	380	1009	None	530	814	611
441	92	None	None	247	382	1009	None	None	814	None
353_novaseq	None	None	None	247	386	1009	None	529	814	611
447	None	None	None	247	None	None	None	533	814	None
453	92	None	None	247	382	1009	None	529	814	None
457	92	None	None	247	382	1009	None	None	814	630
347_R	92	None	113	247	382	1009	None	530	814	618
345	None	None	None	247	382	None	None	None	814	None
347	None	None	None	247	382	None	None	532	814	None
349	92	None	None	247	382	1009	None	528	814	None
350	None	None	None	247	None	None	None	None	814	None
351	92	None	None	247	382	1009	None	530	814	609
352	92	None	None	247	382	1009	None	None	814	626
353_R_miseq	91	546	122	247	386	1009	493	529	814	609
350_R	92	548	None	247	382	1009	None	None	814	618
353_R_nanopore	73	570	110	247	419	1009	499	516	814	609
